VariableName,Description,DataType
State,State FIPS Code,Categorical
Sex,Sex of Respondent,Categorical
GeneralHealth,General Health Rating,Categorical
PhysicalHealth,Number of Days Physical Health Not Good (Past 30 Days),Numerical
MentalHealth,Number of Days Mental Health Not Good (Past 30 Days),Numerical
LastCheckup,Time Since Last Routine Checkup,Categorical
PhysicalActivities,Participation in Physical Activity (Past 30 Days),Categorical
SleepHours,Average Hours of Sleep per Day,Numerical
TeethRemoved,Number of Permanent Teeth Removed,Categorical
HadHeartAttack,Ever Diagnosed with Heart Attack,Categorical
HadAngina,Ever Diagnosed with Angina/Coronary Heart Disease,Categorical
HadStroke,Ever Diagnosed with Stroke,Categorical
HadAsthma,Ever Diagnosed with Asthma,Categorical
HadSkinCancer,Ever Diagnosed with Skin Cancer,Categorical
HadCOPD,Ever Diagnosed with COPD/Chronic Bronchitis,Categorical
HadDepressiveDisorder,Ever Diagnosed with Depression,Categorical
HadKidneyDisease,Ever Diagnosed with Kidney Disease,Categorical
HadArthritis,Ever Diagnosed with Arthritis,Categorical
HadDiabetes,Ever Diagnosed with Diabetes,Categorical
DeafOrHardOfHearing,Deaf or Serious Hearing Difficulty,Categorical
BlindOrVisionDifficulty,Blind or Serious Difficulty Seeing,Categorical
DifficultyConcentrating,Difficulty Concentrating or Remembering,Categorical
DifficultyWalking,Difficulty Walking or Climbing Stairs,Categorical
DifficultyDressingBathing,Difficulty Dressing or Bathing,Categorical
DifficultyErrands,Difficulty Doing Errands Alone,Categorical
SmokingStatus,Smoking Status (Categorical),Categorical
E-CigaretteUsage,Use of E-Cigarettes,Categorical
ChestScan,Had CT or CAT Scan of Chest,Categorical
RaceEthnicity,Race Group (Categorical),Categorical
AgeGroup,Age Group (5-Year Increments),Categorical
HeightInMeters,Height in Meters or Centimeters,Numerical
WeightInKilograms,Weight in Kilograms,Numerical
BMI,Body Mass Index,Numerical
AlcoholDrinkers,Alcohol Consumption Status,Categorical
HIVTesting,Ever Tested for HIV,Categorical
FluVaxLast12,Received Flu Shot in Past Year,Categorical
PneumoVaxEver,Ever Received Pneumococcal Vaccine,Categorical
TetanusShot,Received Tetanus Shot in Past 10 Years,Categorical
HIVRiskBehaviorsLastYear,Engaged in High-Risk Behavior for HIV,Categorical
CovidPositive,Ever Tested Positive for COVID-19,Categorical
